Listed_On,Acted_On
2025-03-11,2025-03-11
2025-03-11,2025-03-11
2025-03-11,2025-03-11
2025-03-11,2025-03-11
2025-03-11,2025-03-11
2025-03-11,2025-03-11
2025-03-11,2025-03-11
2025-03-11,2025-03-11
2025-03-11,2025-03-11
2025-03-11,2025-03-11
2025-03-11,2025-03-11
2025-03-11,2025-03-11
2025-03-11,2025-03-11
2025-03-11,2025-03-11
2025-03-11,2025-03-11
2025-03-11,2025-03-11
2025-03-11,2025-03-11
2025-03-11,2025-03-11
2025-03-11,2025-03-11
2025-03-11,2025-03-11
2025-03-11,2025-03-11
2025-03-11,2025-03-11
2025-03-11,2025-03-11
2025-03-11,2025-03-11
2025-03-11,2025-03-11
2025-03-11,2025-03-11
2025-03-11,2025-03-11
2025-03-11,2025-03-11
2025-03-11,2025-03-11
2025-03-11,2025-03-11
2025-03-11,2025-03-11
2025-03-11,2025-03-11
2025-03-11,2025-03-11
2025-03-11,2025-03-11
2025-03-11,2025-03-11
2025-03-11,2025-03-11
2025-03-11,2025-03-11
2025-03-11,2025-03-11
2025-03-11,2025-03-11
2025-03-11,2025-03-11
2025-03-11,2025-03-11
2025-03-11,2025-03-11
2025-03-11,2025-03-11
2025-03-11,2025-03-11
2025-03-11,2025-03-11
2025-03-11,2025-03-11
2025-03-11,2025-03-11
2025-03-11,2025-03-11
2025-03-11,2025-03-11
2025-03-11,2025-03-11
2025-03-11,2025-03-11
2025-03-11,2025-03-11
2025-03-11,2025-03-11
2025-03-11,2025-03-11
2025-03-11,2025-03-11
2025-03-11,2025-03-11
2025-03-11,2025-03-11
2025-03-11,2025-03-11
2025-03-11,2025-03-11
2025-03-11,2025-03-11
2025-03-11,2025-03-11
2025-03-11,2025-03-11
2025-03-11,2025-03-11
2025-03-11,2025-03-11
2025-03-11,2025-03-11
2025-03-11,2025-03-11
2025-03-11,2025-03-11
2025-03-11,2025-03-11
2025-03-11,2025-03-11
2025-03-09,2025-03-09
2025-03-09,2025-03-09
2025-03-09,2025-03-09
2025-03-09,2025-03-09
2025-03-09,2025-03-09
2025-03-09,2025-03-09
2025-03-07,2025-03-07
2025-03-01,2025-03-01
2025-03-01,2025-03-01
2025-02-26,2025-02-26
2025-02-23,2025-02-23
2025-02-22,2025-02-22
2025-02-20,2025-02-20
2025-02-20,2025-02-20
2025-02-19,2025-02-19
2025-02-19,2025-02-19
2025-02-19,2025-02-19
2025-02-19,2025-02-19
2025-02-19,2025-02-19
2025-02-19,2025-02-19
2025-02-19,2025-02-19
2025-02-18,2025-02-18
2025-02-18,2025-02-18
2025-02-18,2025-02-18
2025-02-18,2025-02-18
2025-02-18,2025-02-18
2025-02-18,2025-02-18
2025-02-18,2025-02-18
2025-01-30,2025-01-30
2025-01-29,2025-01-29
2025-01-29,2025-01-29
2025-01-29,2025-01-29
2025-01-27,2025-01-27
2025-01-27,2025-01-27
2025-01-27,2025-01-27
2025-01-11,2025-01-11
2024-11-02,2024-11-02
2024-11-02,2024-11-02
2024-10-25,2024-10-25
2024-10-22,2024-10-22
2024-10-22,2024-10-22
2024-10-21,2024-10-21
2024-10-21,2024-10-21
2024-10-21,2024-10-21
2024-10-21,2024-10-21
2024-10-16,2024-10-16
2024-10-16,2024-10-16
2024-10-04,2024-10-04
2024-10-04,2024-10-04
2024-10-04,2024-10-04
2024-10-04,2024-10-04
2024-10-04,2024-10-04
2024-10-04,2024-10-04
2024-10-04,2024-10-04
2024-10-03,2024-10-03
2024-10-03,2024-10-03
2024-10-03,2024-10-03
2024-10-03,2024-10-03
2024-10-03,2024-10-03
2024-10-03,2024-10-03
2024-09-19,2024-09-19
2024-09-19,2024-09-19
2024-09-19,2024-09-19
2024-09-19,2024-09-19
2024-09-19,2024-09-19
2024-09-19,2024-09-19
2024-09-18,2024-09-18
2024-09-18,2024-09-18
2024-09-18,2024-09-18
2024-09-18,2024-09-18
2024-09-18,2024-09-18
2024-09-18,2024-09-18
2024-09-11,2024-09-11
2024-09-11,2024-09-11
2024-09-11,2024-09-11
2024-09-10,2024-09-10
2024-09-08,2024-09-08
2024-09-07,2024-09-07
2024-09-07,2024-09-07
2024-09-07,2024-09-07
2024-09-07,2024-09-07
2024-09-07,2024-09-07
2024-09-07,2024-09-07
2024-09-07,2024-09-07
2024-08-17,2024-08-17
2024-08-17,2024-08-17
2024-08-17,2024-08-17
2024-08-14,2024-08-14
2024-07-30,2024-07-30
2024-07-30,2024-07-30
2024-07-27,2024-07-27
2024-07-23,2024-07-23
2024-07-23,2024-07-23
2024-07-23,2024-07-23
2024-07-23,2024-07-23
2024-07-23,2024-07-23
2024-07-23,2024-07-23
2024-07-23,2024-07-23
2024-07-23,2024-07-23
2024-07-23,2024-07-23
2024-07-23,2024-07-23
2024-07-21,2024-07-21
2024-06-15,2024-06-15
2024-06-11,2024-06-11
2024-06-03,2024-06-03
2024-06-01,2024-06-01
2024-05-09,2024-05-09
2024-04-30,2024-04-30
2024-04-29,2024-04-29
2024-04-29,2024-04-29
2024-04-04,2024-04-04
2024-04-04,2024-04-04
2024-04-03,2024-04-03
2024-04-03,2024-04-03
2024-04-03,2024-04-03
2024-04-03,2024-04-03
2024-04-03,2024-04-03
2024-04-03,2024-04-03
2024-04-03,2024-04-03
2024-04-03,2024-04-03
2024-04-03,2024-04-03
2024-04-03,2024-04-03
2024-04-03,2024-04-03
2024-04-03,2024-04-03
2024-04-03,2024-04-03
2024-04-03,2024-04-03
2024-03-25,2024-03-25
2024-03-24,2024-03-24
2024-03-19,2024-03-19
2024-03-12,2024-03-12
2024-03-12,2024-03-12
2024-03-09,2024-03-09
2024-03-09,2024-03-09
2024-03-09,2024-03-09
2024-03-09,2024-03-09
2024-03-09,2024-03-09
2024-03-09,2024-03-09
2024-03-05,2024-03-05
2024-03-01,2024-03-01
2024-02-24,2024-02-24
2024-02-24,2024-02-24
2024-02-24,2024-02-24
2024-02-24,2024-02-24
2024-02-23,2024-02-23
2024-02-23,2024-02-23
2024-02-21,2024-02-21
2024-02-08,2024-02-08
2024-02-08,2024-02-08
2023-12-31,2023-12-31
2023-12-30,2023-12-30
2023-12-29,2023-12-29
2023-12-29,2023-12-29
2023-12-29,2023-12-29
2023-12-29,2023-12-29
2023-12-29,2023-12-29
2023-12-29,2023-12-29
2023-12-29,2023-12-29
2023-12-29,2023-12-29
2023-12-29,2023-12-29
2023-12-29,2023-12-29
2023-12-28,2023-12-28
2023-12-25,2023-12-25
2023-12-25,2023-12-25
2023-12-24,2023-12-24
2023-12-24,2023-12-24
2023-12-24,2023-12-24
2023-12-22,2023-12-22
2023-12-22,2023-12-22
2023-12-22,2023-12-22
2023-12-22,2023-12-22
2023-12-22,2023-12-22
2023-12-22,2023-12-22
2023-12-22,2023-12-22
2023-12-22,2023-12-22
2023-12-22,2023-12-22
2023-12-22,2023-12-22
2023-12-22,2023-12-22
2023-12-22,2023-12-22
2023-12-22,2023-12-22
2023-12-22,2023-12-22
2023-12-22,2023-12-22
2023-12-22,2023-12-22
2023-12-22,2023-12-22
2023-12-22,2023-12-22
2023-12-22,2023-12-22
2023-12-22,2023-12-22
2023-12-22,2023-12-22
2023-12-22,2023-12-22
2023-12-22,2023-12-22
2023-12-22,2023-12-22
2023-12-22,2023-12-22
2023-12-22,2023-12-22
2023-12-22,2023-12-22
2023-12-22,2023-12-22
2023-12-22,2023-12-22
2023-12-22,2023-12-22
2023-12-22,2023-12-22
2023-12-22,2023-12-22
2023-12-22,2023-12-22
2023-12-22,2023-12-22
2023-12-22,2023-12-22
2023-12-22,2023-12-22
2023-12-22,2023-12-22
2023-12-22,2023-12-22
2023-12-22,2023-12-22
2023-12-22,2023-12-22
2023-12-22,2023-12-22
2023-12-22,2023-12-22
2023-12-22,2023-12-22
2023-12-22,2023-12-22
2023-12-22,2023-12-22
2023-12-22,2023-12-22
2023-12-22,2023-12-22
2023-12-22,2023-12-22
2023-12-16,2023-12-16
2023-12-16,2023-12-16
2023-12-16,2023-12-16
2023-12-16,2023-12-16
2023-12-16,2023-12-16
2023-12-16,2023-12-16
2023-12-16,2023-12-16
2023-12-16,2023-12-16
2023-12-16,2023-12-16
2023-12-16,2023-12-16
2023-12-16,2023-12-16
2023-12-03,2023-12-03
2023-12-03,2023-12-03
2023-12-03,2023-12-03
2023-12-03,2023-12-03
2023-12-03,2023-12-03
2023-11-25,2023-11-25
2023-11-13,2023-11-13
2023-11-13,2023-11-13
2023-11-13,2023-11-13
2023-11-13,2023-11-13
2023-11-13,2023-11-13
2023-11-13,2023-11-13
2023-11-13,2023-11-13
2023-11-13,2023-11-13
2023-11-13,2023-11-13
2023-11-13,2023-11-13
2023-11-13,2023-11-13
2023-11-13,2023-11-13
2023-11-13,2023-11-13
2023-11-13,2023-11-13
2023-11-13,2023-11-13
2023-11-05,2023-11-05
2023-11-05,2023-11-05
2023-11-05,2023-11-05
2023-11-05,2023-11-05
2023-10-26,2023-10-26
2023-10-26,2023-10-26
2023-10-26,2023-10-26
2023-10-26,2023-10-26
2023-10-26,2023-10-26
2023-10-26,2023-10-26
2023-10-26,2023-10-26
2023-10-26,2023-10-26
2023-10-26,2023-10-26
2023-10-21,2023-10-21
2023-10-19,2023-10-19
2023-10-19,2023-10-19
2023-10-19,2023-10-19
2023-10-19,2023-10-19
2023-10-14,2023-10-14
2023-10-14,2023-10-14
2023-10-14,2023-10-14
2023-10-14,2023-10-14
2023-10-14,2023-10-14
2023-10-14,2023-10-14
2023-10-14,2023-10-14
2023-10-14,2023-10-14
2023-10-14,2023-10-14
2023-10-14,2023-10-14
2023-10-14,2023-10-14
2023-10-06,2023-10-06
2023-10-06,2023-10-06
2023-10-06,2023-10-06
2023-10-06,2023-10-06
2023-10-06,2023-10-06
2023-10-06,2023-10-06
2023-10-06,2023-10-06
2023-10-06,2023-10-06
2023-10-06,2023-10-06
2023-10-06,2023-10-06
2023-10-06,2023-10-06
2023-10-06,2023-10-06
2023-10-06,2023-10-06
2023-10-05,2023-10-05
2023-10-04,2023-10-04
2023-10-03,2023-10-03
2023-10-02,2023-10-02
2023-10-02,2023-10-02
2023-10-02,2023-10-02
2023-10-01,2023-10-01
2023-07-11,2023-07-11
2023-07-11,2023-07-11
2023-07-11,2023-07-11
2023-07-11,2023-07-11
2023-07-11,2023-07-11
2023-07-11,2023-07-11
2023-07-11,2023-07-11
2023-07-11,2023-07-11
2023-07-11,2023-07-11
2023-07-11,2023-07-11
2023-07-11,2023-07-11
2023-07-11,2023-07-11
2023-07-11,2023-07-11
2023-07-11,2023-07-11
2023-07-11,2023-07-11
2023-07-11,2023-07-11
2023-07-11,2023-07-11
2023-07-11,2023-07-11
2023-07-11,2023-07-11
2023-07-11,2023-07-11
2023-07-11,2023-07-11
2023-07-11,2023-07-11
2023-07-11,2023-07-11
2023-07-11,2023-07-11
2023-07-11,2023-07-11
2023-07-07,2023-07-07
2023-05-26,2023-05-26
2023-05-24,2023-05-24
2023-05-02,2023-05-02
2023-05-02,2023-05-02
2023-05-02,2023-05-02
2023-04-27,2023-04-27
2023-04-27,2023-04-27
2023-04-25,2023-04-25
2023-04-25,2023-04-25
2023-04-02,2023-04-02
2023-04-02,2023-04-02
2023-04-02,2023-04-02
2023-04-02,2023-04-02
2023-03-16,2023-03-16
2023-03-16,2023-03-16
2023-03-11,2023-03-11
2023-03-08,2023-03-08
2023-03-06,2023-03-06
2023-03-06,2023-03-06
2023-03-06,2023-03-06
2023-03-05,2023-03-05
2023-03-05,2023-03-05
2023-03-05,2023-03-05
2023-03-05,2023-03-05
2023-03-04,2023-03-04
2023-03-04,2023-03-04
2023-03-04,2023-03-04
2023-03-04,2023-03-04
2023-02-23,2023-02-23
2023-02-16,2023-02-16
2023-02-16,2023-02-16
2023-02-16,2023-02-16
2023-02-16,2023-02-16
2023-02-16,2023-02-16
2023-02-14,2023-02-14
2023-02-13,2023-02-13
2023-02-13,2023-02-13
2023-02-13,2023-02-13
2023-02-13,2023-02-13
2023-02-13,2023-02-13
2023-02-13,2023-02-13
2023-02-13,2023-02-13
2023-02-12,2023-02-12
2023-02-12,2023-02-12
2023-02-12,2023-02-12
2023-02-10,2023-02-10
2023-02-09,2023-02-09
2023-02-08,2023-02-08
2023-02-05,2023-02-05
2023-02-05,2023-02-05
2023-02-04,2023-02-04
2023-02-01,2023-02-01
2023-02-01,2023-02-01
2023-01-31,2023-01-31
2023-01-31,2023-01-31
2023-01-31,2023-01-31
2023-01-31,2023-01-31
2023-01-31,2023-01-31
2023-01-30,2023-01-30
2023-01-28,2023-01-28
2023-01-27,2023-01-27
2023-01-27,2023-01-27
2023-01-27,2023-01-27
2023-01-27,2023-01-27
2023-01-16,2023-01-16
2023-01-15,2023-01-15
2023-01-15,2023-01-15
2023-01-15,2023-01-15
2023-01-05,2023-01-05
2022-12-25,2022-12-25
2022-12-25,2022-12-25
2022-12-25,2022-12-25
2022-12-25,2022-12-25
2022-12-25,2022-12-25
2022-12-25,2022-12-25
2022-12-25,2022-12-25
2022-12-25,2022-12-25
2022-12-24,2022-12-24
2022-12-24,2022-12-24
2022-12-24,2022-12-24
2022-12-24,2022-12-24
2022-12-24,2022-12-24
2022-12-24,2022-12-24
2022-12-24,2022-12-24
2022-12-24,2022-12-24
2022-12-24,2022-12-24
2022-12-18,2022-12-18
2022-11-25,2022-11-25
2022-11-25,2022-11-25
2022-11-25,2022-11-25
2022-11-25,2022-11-25
2022-11-25,2022-11-25
2022-11-22,2022-11-22
2022-11-22,2022-11-22
2022-11-22,2022-11-22
2022-11-22,2022-11-22
2022-11-22,2022-11-22
2022-11-22,2022-11-22
2022-11-12,2022-11-12
2022-11-12,2022-11-12
2022-11-12,2022-11-12
2022-11-12,2022-11-12
2022-11-12,2022-11-12
2022-11-12,2022-11-12
2022-11-12,2022-11-12
2022-11-12,2022-11-12
2022-11-12,2022-11-12
2022-11-12,2022-11-12
2022-11-12,2022-11-12
2022-11-11,2022-11-11
2022-11-11,2022-11-11
2022-11-11,2022-11-11
2022-11-11,2022-11-11
2022-11-11,2022-11-11
2022-11-11,2022-11-11
2022-11-11,2022-11-11
2022-11-11,2022-11-11
2022-11-11,2022-11-11
2022-11-11,2022-11-11
2022-11-11,2022-11-11
2022-11-10,2022-11-10
2022-10-19,2022-10-19
2022-10-16,2022-10-16
2022-10-13,2022-10-13
2022-10-12,2022-10-12
2022-09-11,2022-09-11
2022-09-11,2022-09-11
2022-09-11,2022-09-11
2022-09-11,2022-09-11
2022-09-07,2022-09-07
2022-09-02,2022-09-02
2022-09-02,2022-09-02
2022-09-01,2022-09-01
2022-08-26,2022-08-26
2022-08-25,2022-08-25
2022-08-19,2022-08-19
2022-08-13,2022-08-13
2022-08-11,2022-08-11
2022-08-11,2022-08-11
2022-08-11,2022-08-11
2022-08-11,2022-08-11
2022-08-10,2022-08-10
2022-08-10,2022-08-10
2022-08-10,2022-08-10
2022-08-10,2022-08-10
2022-08-10,2022-08-10
2022-08-08,2022-08-08
2022-08-08,2022-08-08
2022-08-07,2022-08-07
2022-08-07,2022-08-07
2022-08-07,2022-08-07
2022-08-07,2022-08-07
2022-08-07,2022-08-07
2022-08-07,2022-08-07
2022-08-07,2022-08-07
2022-08-07,2022-08-07
2022-08-07,2022-08-07
2022-08-07,2022-08-07
2022-08-06,2022-08-06
2022-08-06,2022-08-06
2022-08-06,2022-08-06
2022-08-06,2022-08-06
2022-08-06,2022-08-06
2022-08-06,2022-08-06
2022-08-05,2022-08-05
2022-08-05,2022-08-05
2022-08-05,2022-08-05
2022-08-04,2022-08-04
2022-07-26,2022-07-26
2022-07-26,2022-07-26
2022-07-26,2022-07-26
2022-07-26,2022-07-26
2022-07-26,2022-07-26
2022-07-26,2022-07-26
2022-07-26,2022-07-26
2022-07-26,2022-07-26
2022-07-26,2022-07-26
2022-07-26,2022-07-26
2022-07-24,2022-07-24
2022-07-23,2022-07-23
2022-07-23,2022-07-23
2022-07-20,2022-07-20
2022-07-18,2022-07-18
2022-07-13,2022-07-13
2022-07-13,2022-07-13
2022-07-13,2022-07-13
2022-07-13,2022-07-13
2022-07-13,2022-07-13
2022-07-13,2022-07-13
2022-07-13,2022-07-13
2022-07-13,2022-07-13
2022-07-07,2022-07-07
2022-07-02,2022-07-02
2022-07-02,2022-07-02
2022-07-02,2022-07-02
2022-07-02,2022-07-02
2022-07-02,2022-07-02
2022-07-02,2022-07-02
2022-06-30,2022-06-30
2022-06-29,2022-06-29
2022-06-29,2022-06-29
2022-06-29,2022-06-29
2022-06-29,2022-06-29
2022-06-29,2022-06-29
2022-06-29,2022-06-29
2022-06-21,2022-06-21
2022-06-19,2022-06-19
2022-06-19,2022-06-19
2022-06-19,2022-06-19
2022-06-19,2022-06-19
2022-06-19,2022-06-19
2022-06-19,2022-06-19
2022-06-19,2022-06-19
2022-06-19,2022-06-19
2022-06-19,2022-06-19
2022-06-19,2022-06-19
2022-06-19,2022-06-19
2022-06-19,2022-06-19
2022-06-19,2022-06-19
2022-06-19,2022-06-19
2022-06-19,2022-06-19
2022-06-19,2022-06-19
2022-06-19,2022-06-19
2022-06-19,2022-06-19
2022-06-19,2022-06-19
2022-06-19,2022-06-19
2022-06-19,2022-06-19
2022-06-19,2022-06-19
2022-06-19,2022-06-19
2022-06-19,2022-06-19
2022-06-19,2022-06-19
2022-06-19,2022-06-19
2022-06-19,2022-06-19
2022-06-19,2022-06-19
2022-06-19,2022-06-19
2022-06-19,2022-06-19
2022-06-19,2022-06-19
2022-06-19,2022-06-19
2022-06-19,2022-06-19
2022-06-19,2022-06-19
2022-06-19,2022-06-19
2022-06-19,2022-06-19
2022-06-19,2022-06-19
2022-06-19,2022-06-19
2022-06-19,2022-06-19
2022-06-19,2022-06-19
2022-06-19,2022-06-19
2022-06-19,2022-06-19
2022-06-19,2022-06-19
2022-06-19,2022-06-19
2022-06-19,2022-06-19
2022-06-19,2022-06-19
2022-06-19,2022-06-19
2022-06-19,2022-06-19
2022-06-19,2022-06-19
2022-06-19,2022-06-19
2022-06-19,2022-06-19
2022-06-19,2022-06-19
2022-06-14,2022-06-14
2022-06-03,2022-06-03
2022-06-03,2022-06-03
2022-06-03,2022-06-03
2022-06-03,2022-06-03
2022-06-03,2022-06-03
2022-06-03,2022-06-03
2022-06-03,2022-06-03
2022-06-03,2022-06-03
2022-06-03,2022-06-03
2022-05-26,2022-05-26
2022-05-26,2022-05-26
2022-05-26,2022-05-26
2022-05-26,2022-05-26
2022-05-26,2022-05-26
2022-05-26,2022-05-26
2022-05-25,2022-05-25
2022-05-24,2022-05-24
2022-05-10,2022-05-10
2022-05-03,2022-05-03
2022-04-28,2022-04-28
2022-04-28,2022-04-28
2022-04-07,2022-04-07
2022-04-07,2022-04-07
2022-04-07,2022-04-07
2022-04-07,2022-04-07
2022-04-07,2022-04-07
2022-04-07,2022-04-07
2022-04-07,2022-04-07
2022-04-07,2022-04-07
2022-04-07,2022-04-07
2022-04-07,2022-04-07
2022-04-07,2022-04-07
2022-04-07,2022-04-07
2022-04-07,2022-04-07
2022-04-07,2022-04-07
2022-04-07,2022-04-07
2022-04-07,2022-04-07
2022-04-07,2022-04-07
2022-04-07,2022-04-07
2022-04-07,2022-04-07
2022-04-07,2022-04-07
2022-04-07,2022-04-07
2022-04-07,2022-04-07
2022-04-07,2022-04-07
2022-04-07,2022-04-07
2022-04-07,2022-04-07
2022-04-07,2022-04-07
2022-04-07,2022-04-07
2022-04-05,2022-04-05
2022-04-05,2022-04-05
2022-04-05,2022-04-05
2022-04-04,2022-04-04
2022-04-04,2022-04-04
2022-04-04,2022-04-04
2022-03-21,2022-03-21
2022-03-20,2022-03-20
2022-03-13,2022-03-13
2022-02-20,2022-02-20
2022-02-04,2022-02-04
2022-01-22,2022-01-22
2022-01-21,2022-01-21
2022-01-18,2022-01-18
2022-01-15,2022-01-15
2022-01-15,2022-01-15
2022-01-11,2022-01-11
2022-01-11,2022-01-11
2022-01-11,2022-01-11
2022-01-10,2022-01-10
2022-01-10,2022-01-10
2022-01-10,2022-01-10
2022-01-10,2022-01-10
2022-01-09,2022-01-09
2022-01-06,2022-01-06
2022-01-05,2022-01-05
2022-01-05,2022-01-05
2021-12-31,2021-12-31
2021-12-27,2021-12-27
2021-12-27,2021-12-27
2021-12-26,2021-12-26
2021-12-26,2021-12-26
2021-12-26,2021-12-26
2021-12-26,2021-12-26
2021-12-26,2021-12-26
2021-12-26,2021-12-26
2021-12-26,2021-12-26
2021-12-25,2021-12-25
2021-12-25,2021-12-25
2021-12-25,2021-12-25
2021-12-25,2021-12-25
2021-12-25,2021-12-25
2021-12-25,2021-12-25
2021-12-25,2021-12-25
2021-12-25,2021-12-25
2021-12-25,2021-12-25
2021-12-25,2021-12-25
2021-12-25,2021-12-25
2021-12-25,2021-12-25
2021-12-25,2021-12-25
2021-12-25,2021-12-25
2021-12-25,2021-12-25
2021-12-25,2021-12-25
2021-12-25,2021-12-25
2021-12-25,2021-12-25
2021-12-25,2021-12-25
2021-12-25,2021-12-25
2021-12-25,2021-12-25
2021-12-25,2021-12-25
2021-12-25,2021-12-25
2021-12-25,2021-12-25
2021-12-25,2021-12-25
2021-12-25,2021-12-25
2021-12-25,2021-12-25
2021-12-25,2021-12-25
2021-12-25,2021-12-25
2021-12-21,2021-12-21
2021-12-19,2021-12-19
2021-12-18,2021-12-18
2021-12-18,2021-12-18
2021-12-18,2021-12-18
2021-12-18,2021-12-18
2021-12-09,2021-12-09
2021-12-04,2021-12-04
2021-12-04,2021-12-04
2021-12-04,2021-12-04
2021-12-04,2021-12-04
2021-11-30,2021-11-30
2021-11-30,2021-11-30
2021-11-30,2021-11-30
2021-11-30,2021-11-30
2021-11-30,2021-11-30
2021-11-30,2021-11-30
2021-11-30,2021-11-30
2021-11-30,2021-11-30
2021-11-30,2021-11-30
2021-11-30,2021-11-30
2021-11-30,2021-11-30
2021-11-30,2021-11-30
2021-11-30,2021-11-30
2021-11-30,2021-11-30
2021-11-30,2021-11-30
2021-11-30,2021-11-30
2021-11-27,2021-11-27
2021-11-22,2021-11-22
2021-10-28,2021-10-28
2021-10-24,2021-10-24
2021-10-22,2021-10-22
2021-10-22,2021-10-22
2021-10-22,2021-10-22
2021-10-22,2021-10-22
2021-10-07,2021-10-07
2021-09-21,2021-09-21
2021-09-14,2021-09-14
2021-09-14,2021-09-14
2021-09-14,2021-09-14
2021-09-14,2021-09-14
2021-09-09,2021-09-09
2021-09-08,2021-09-08
2021-08-29,2021-08-29
2021-08-25,2021-08-25
2021-08-23,2021-08-23
2021-08-23,2021-08-23
2021-08-09,2021-08-09
2021-08-01,2021-08-01
2021-08-01,2021-08-01
2021-07-11,2021-07-11
2021-07-05,2021-07-05
2021-07-05,2021-07-05
2021-07-05,2021-07-05
2021-06-25,2021-06-25
2021-06-19,2021-06-19
2021-06-19,2021-06-19
2021-06-19,2021-06-19
2021-06-19,2021-06-19
2021-06-19,2021-06-19
2021-06-19,2021-06-19
2021-06-19,2021-06-19
2021-06-19,2021-06-19
2021-06-19,2021-06-19
2021-06-19,2021-06-19
2021-06-08,2021-06-08
2021-06-07,2021-06-07
2021-06-07,2021-06-07
2021-06-05,2021-06-05
2021-06-05,2021-06-05
2021-06-05,2021-06-05
2021-06-05,2021-06-05
2021-06-05,2021-06-05
2021-06-05,2021-06-05
2021-06-05,2021-06-05
2021-06-01,2021-06-01
2021-05-31,2021-05-31
2021-05-29,2021-05-29
2021-04-28,2021-04-28
2021-04-28,2021-04-28
2021-04-28,2021-04-28
2021-04-28,2021-04-28
2021-04-27,2021-04-27
2021-04-26,2021-04-26
2021-04-26,2021-04-26
2021-04-26,2021-04-26
2021-04-26,2021-04-26
2021-04-26,2021-04-26
2021-04-15,2021-04-15
2021-04-15,2021-04-15
2021-04-15,2021-04-15
2021-04-15,2021-04-15
2021-04-07,2021-04-07
2021-04-06,2021-04-06
2021-04-06,2021-04-06
2021-04-04,2021-04-04
2021-04-04,2021-04-04
2021-04-01,2021-04-01
2021-03-31,2021-03-31
2021-03-28,2021-03-28
2021-03-28,2021-03-28
2021-03-28,2021-03-28
2021-03-28,2021-03-28
2021-03-28,2021-03-28
2021-03-28,2021-03-28
2021-03-27,2021-03-27
2021-03-27,2021-03-27
2021-03-25,2021-03-25
2021-03-24,2021-03-24
2021-03-24,2021-03-24
2021-03-21,2021-03-21
2021-03-20,2021-03-20
2021-03-20,2021-03-20
2021-02-21,2021-02-21
2021-02-08,2021-02-08
2021-02-08,2021-02-08
2021-02-08,2021-02-08
2021-02-08,2021-02-08
2021-01-31,2021-01-31
2021-01-06,2021-01-06
2020-10-01,2020-10-01
